-- insert 50 categories
INSERT INTO categories (category_ID, category_name, description) VALUES
(1, 'Laptops', 'Portable personal computers'),
(2, 'Smartphones', 'Mobile phones with advanced features'),
(3, 'Tablets', 'Portable touchscreen computers'),
(4, 'Headphones', 'Audio devices worn on or over the ears'),
(5, 'Smartwatches', 'Wearable devices with smartwatch capabilities'),
(6, 'Wireless Mice', 'Pointing devices that connect via Bluetooth or Wi-Fi'),
(7, 'Keyboards', 'Input devices with keys for typing'),
(8, 'External Hard Drives', 'Portable storage devices'),
(9, 'Monitors', 'Displays for computers'),
(10, 'Printers', 'Devices that produce physical copies of documents'),
(11, 'Webcams', 'Video cameras used for streaming or video calls'),
(12, 'Bluetooth Speakers', 'Wireless speakers that connect via Bluetooth'),
(13, 'Gaming Chairs', 'Ergonomic chairs designed for gaming'),
(14, 'USB-C Hubs', 'Devices that expand USB-C connectivity'),
(15, 'VR Headsets', 'Virtual reality headsets for immersive experiences'),
(16, 'Smart Home Hubs', 'Devices that connect and control smart home devices'),
(17, 'Action Cameras', 'Cameras designed for capturing action while being immersed in it'),
(18, 'E-Readers', 'Devices designed for reading digital e-books'),
(19, 'Digital Cameras', 'Cameras that capture photographs in digital format'),
(20, 'Gaming Consoles', 'Video game consoles for home entertainment'),
(21, 'Projectors', 'Devices for projecting images or videos onto a surface'),
(22, 'Routers', 'Networking devices that forward data packets'),
(23, 'Smart TVs', 'Televisions with integrated internet capabilities'),
(24, 'Fitness Trackers', 'Wearable devices for tracking fitness activities'),
(25, 'Drones', 'Unmanned aerial vehicles for photography or recreation'),
(26, '3D Printers', 'Machines that create three-dimensional objects'),
(27, 'Graphics Tablets', 'Input devices for digital drawing'),
(28, 'Portable Chargers', 'Battery packs for charging devices on the go'),
(29, 'Streaming Devices', 'Devices for streaming digital media to TVs'),
(30, 'Network Switches', 'Devices that connect devices on a computer network'),
(31, 'NAS Devices', 'Network-attached storage for file sharing'),
(32, 'Surge Protectors', 'Devices that protect electronics from voltage spikes'),
(33, 'Smart Plugs', 'Plugs that can be controlled remotely'),
(34, 'Security Cameras', 'Cameras for monitoring and security'),
(35, 'Photo Printers', 'Printers specialized for printing photographs'),
(36, 'Wireless Chargers', 'Charging devices that use wireless technology'),
(37, 'Portable SSDs', 'Solid-state drives for portable storage'),
(38, 'Dash Cams', 'Cameras mounted on vehicles for recording driving'),
(39, 'Smart Light Bulbs', 'Light bulbs with smart features'),
(40, 'Electric Scooters', 'Battery-powered scooters for personal transport'),
(41, 'Smart Thermostats', 'Thermostats with smart home integration'),
(42, 'Robot Vacuums', 'Automated vacuum cleaners'),
(43, 'Home Theater Systems', 'Audio and video equipment for home entertainment'),
(44, 'Wireless Earbuds', 'Compact wireless in-ear headphones'),
(45, 'Photo Scanners', 'Devices for scanning photographs'),
(46, 'Smart Locks', 'Locks that can be controlled electronically'),
(47, 'Baby Monitors', 'Devices for monitoring infants remotely'),
(48, 'Car GPS Units', 'Navigation devices for vehicles'),
(49, 'Portable Projectors', 'Compact projectors for mobile use'),
(50, 'Smart Refrigerators', 'Refrigerators with smart technology');


-- insert 50 products, each mapped to a category
INSERT INTO products (product_name, item_description, price, stock_quantity, category_ID) VALUES
('Laptop', 'High-performance laptop with 16GB RAM and 512GB SSD', 1200.00, 50, 1),
('Smartphone', 'Latest model smartphone with advanced features', 800.00, 100, 2),
('Tablet', '10-inch tablet with high-resolution display', 300.00, 80, 3),
('Headphones', 'Noise-cancelling over-ear headphones', 200.00, 75, 4),
('Smartwatch', 'Fitness tracking smartwatch with heart rate monitor', 250.00, 60, 5),
('Wireless Mouse', 'Ergonomic wireless mouse with long battery life', 50.00, 150, 6),
('Keyboard', 'Mechanical keyboard with customizable keys', 100.00, 120, 7),
('External Hard Drive', '1TB external hard drive for data storage', 150.00, 40, 8),
('Monitor', '27-inch 4K monitor with HDR support', 600.00, 30, 9),
('Printer', 'All-in-one printer with scanning and copying features', 400.00, 20, 10),
('Webcam', '1080p HD webcam for video conferencing', 80.00, 90, 11),
('Bluetooth Speaker', 'Portable Bluetooth speaker with deep bass', 120.00, 110, 12),
('Gaming Chair', 'Ergonomic gaming chair with lumbar support', 300.00, 25, 13),
('USB-C Hub', '7-in-1 USB-C hub with HDMI and Ethernet', 70.00, 60, 14),
('VR Headset', 'Wireless VR headset with motion controllers', 500.00, 15, 15),
('Smart Home Hub', 'Voice-controlled smart home hub', 180.00, 35, 16),
('Action Camera', '4K waterproof action camera', 350.00, 22, 17),
('E-Reader', '6-inch e-reader with backlight', 130.00, 45, 18),
('Digital Camera', 'Mirrorless digital camera with 24MP sensor', 900.00, 18, 19),
('Gaming Console', 'Next-gen gaming console with 1TB storage', 600.00, 28, 20),
('Projector', 'Full HD projector with 3000 lumens brightness', 450.00, 12, 21),
('Router', 'Dual-band Wi-Fi 6 router with parental controls', 120.00, 35, 22),
('Smart TV', '55-inch 4K smart TV with streaming apps', 700.00, 20, 23),
('Fitness Tracker', 'Waterproof fitness tracker with sleep monitoring', 90.00, 60, 24),
('Drone', 'Quadcopter drone with 4K camera', 800.00, 10, 25),
('3D Printer', 'Desktop 3D printer with auto-leveling', 650.00, 8, 26),
('Graphics Tablet', 'Digital drawing tablet with stylus', 180.00, 25, 27),
('Portable Charger', '10000mAh portable power bank', 40.00, 100, 28),
('Streaming Device', '4K streaming stick with voice remote', 60.00, 70, 29),
('Network Switch', '8-port gigabit network switch', 75.00, 30, 30),
('NAS Device', '2-bay NAS for home file sharing', 350.00, 15, 31),
('Surge Protector', '6-outlet surge protector with USB ports', 30.00, 90, 32),
('Smart Plug', 'Wi-Fi smart plug with energy monitoring', 25.00, 120, 33),
('Security Camera', 'Wireless security camera with night vision', 110.00, 40, 34),
('Photo Printer', 'Compact photo printer for instant prints', 130.00, 18, 35),
('Wireless Charger', 'Fast wireless charging pad', 35.00, 80, 36),
('Portable SSD', '500GB portable SSD with USB-C', 120.00, 50, 37),
('Dash Cam', '1080p dash cam with loop recording', 95.00, 22, 38),
('Smart Light Bulb', 'Color-changing smart LED bulb', 20.00, 200, 39),
('Electric Scooter', 'Foldable electric scooter with 25km range', 400.00, 7, 40),
('Smart Thermostat', 'Programmable smart thermostat', 180.00, 14, 41),
('Robot Vacuum', 'Self-charging robot vacuum cleaner', 250.00, 16, 42),
('Home Theater System', '5.1 channel home theater speaker system', 350.00, 9, 43),
('Wireless Earbuds', 'True wireless earbuds with charging case', 90.00, 60, 44),
('Photo Scanner', 'High-resolution photo and document scanner', 160.00, 13, 45),
('Smart Lock', 'Keyless smart door lock with app control', 200.00, 19, 46),
('Baby Monitor', 'Video baby monitor with night vision', 85.00, 21, 47),
('Car GPS Unit', 'Touchscreen GPS navigation for cars', 140.00, 17, 48),
('Portable Projector', 'Mini portable projector with HDMI input', 220.00, 11, 49),
('Smart Refrigerator', 'French door smart refrigerator with touchscreen', 2200.00, 5, 50);

-- insert 60 customers
INSERT INTO customers (customer_ID, first_name, last_name, email, phone_number, shipping_address, billing_address) VALUES
(1, 'John', 'Doe', 'john.doe@example.com', '555-1234', '123 Elm St,Springfield,IL', '456 Oak St,Springfield,IL'),
(2, 'Jane', 'Smith', 'jane.smith@example.com', '555-5678', '789 Pine St,Springfield,IL', '321 Maple St,Springfield,IL'),
(3, 'Alice', 'Johnson', 'alice.johnson@example.com', '555-8765', '654 Cedar St,Springfield,IL', '987 Birch St,Springfield,IL'),
(4, 'Bob', 'Brown', 'bob.brown@example.com', '555-4321', '321 Walnut St,Springfield,IL', '654 Spruce St,Springfield,IL'),
(5, 'Charlie', 'Davis', 'charlie.davis@example.com', '555-9876', '987 Fir St,Springfield,IL', '123 Chestnut St,Springfield,IL'),
(6, 'Diana', 'Wilson', 'diana.wilson@example.com', '555-2468', '654 Maple St,Springfield,IL', '321 Oak St,Springfield,IL'),
(7, 'Ethan', 'Garcia', 'ethan.garcia@example.com', '555-1357', '789 Pine St,Springfield,IL', '456 Cedar St,Springfield,IL'),
(8, 'Fiona', 'Martinez', 'fiona.martinez@example.com', '555-8642', '321 Walnut St,Springfield,IL', '654 Spruce St,Springfield,IL'),
(9, 'George', 'Lopez', 'george.lopez@example.com', '555-7531', '987 Fir St,Springfield,IL', '123 Chestnut St,Springfield,IL'),
(10, 'Hannah', 'Gonzalez', 'hannah.gonzalez@example.com', '555-6789', '654 Cedar St,Springfield,IL', '987 Birch St,Springfield,IL'),
(11, 'Ian', 'Perez', 'ian.perez@example.com', '555-2468', '123 Elm St,Springfield,IL', '456 Oak St,Springfield,IL'),
(12, 'Kevin', 'Clark', 'kevin.clark@example.com', '555-8642', '789 Pine St,Springfield,IL', '321 Maple St,Springfield,IL'),
(13, 'Laura', 'Lewis', 'laura.lewis@example.com', '555-3579', '654 Cedar St,Springfield,IL', '987 Birch St,Springfield,IL'),
(14, 'Megan', 'Hall', 'megan.hall@example.com', '555-1111', '111 Willow St,Springfield,IL', '222 Aspen St,Springfield,IL'),
(15, 'Nathan', 'Young', 'nathan.young@example.com', '555-2222', '222 Poplar St,Springfield,IL', '333 Redwood St,Springfield,IL'),
(16, 'Olivia', 'King', 'olivia.king@example.com', '555-3333', '333 Cypress St,Springfield,IL', '444 Magnolia St,Springfield,IL'),
(17, 'Paul', 'Wright', 'paul.wright@example.com', '555-4444', '444 Sycamore St,Springfield,IL', '555 Hickory St,Springfield,IL'),
(18, 'Quinn', 'Scott', 'quinn.scott@example.com', '555-5555', '555 Dogwood St,Springfield,IL', '666 Alder St,Springfield,IL'),
(19, 'Rachel', 'Green', 'rachel.green@example.com', '555-6666', '666 Maple St,Springfield,IL', '777 Pine St,Springfield,IL'),
(20, 'Sam', 'Baker', 'sam.baker@example.com', '555-7777', '777 Oak St,Springfield,IL', '888 Elm St,Springfield,IL'),
(21, 'Tina', 'Morgan', 'tina.morgan@example.com', '555-8881', '888 Willow St,Springfield,IL', '999 Aspen St,Springfield,IL'),
(22, 'Victor', 'Reed', 'victor.reed@example.com', '555-8882', '999 Poplar St,Springfield,IL', '1110 Redwood St,Springfield,IL'),
(23, 'Wendy', 'Foster', 'wendy.foster@example.com', '555-8883', '1111 Cypress St,Springfield,IL', '1212 Magnolia St,Springfield,IL'),
(24, 'Xavier', 'Hughes', 'xavier.hughes@example.com', '555-8884', '1213 Sycamore St,Springfield,IL', '1314 Hickory St,Springfield,IL'),
(25, 'Yara', 'Simmons', 'yara.simmons@example.com', '555-8885', '1315 Dogwood St,Springfield,IL', '1416 Alder St,Springfield,IL'),
(26, 'Zane', 'Fleming', 'zane.fleming@example.com', '555-8886', '1417 Maple St,Springfield,IL', '1518 Pine St,Springfield,IL'),
(27, 'Abigail', 'Warren', 'abigail.warren@example.com', '555-8887', '1519 Oak St,Springfield,IL', '1610 Elm St,Springfield,IL'),
(28, 'Brandon', 'Patterson', 'brandon.patterson@example.com', '555-8888', '1611 Birch St,Springfield,IL', '1712 Cedar St,Springfield,IL'),
(29, 'Carmen', 'Murray', 'carmen.murray@example.com', '555-8889', '1713 Spruce St,Springfield,IL', '1814 Walnut St,Springfield,IL'),
(30, 'Derek', 'Ford', 'derek.ford@example.com', '555-8890', '1815 Fir St,Springfield,IL', '1916 Chestnut St,Springfield,IL'),
(31, 'Elena', 'Stone', 'elena.stone@example.com', '555-8891', '1917 Willow St,Springfield,IL', '2018 Aspen St,Springfield,IL'),
(32, 'Felix', 'Knight', 'felix.knight@example.com', '555-8892', '2019 Poplar St,Springfield,IL', '2110 Redwood St,Springfield,IL'),
(33, 'Grace', 'Harper', 'grace.harper@example.com', '555-8893', '2111 Cypress St,Springfield,IL', '2212 Magnolia St,Springfield,IL'),
(34, 'Henry', 'Mason', 'henry.mason@example.com', '555-8894', '2213 Sycamore St,Springfield,IL', '2314 Hickory St,Springfield,IL'),
(35, 'Isabel', 'Wells', 'isabel.wells@example.com', '555-8895', '2315 Dogwood St,Springfield,IL', '2416 Alder St,Springfield,IL'),
(36, 'Jack', 'Fisher', 'jack.fisher@example.com', '555-8896', '2417 Maple St,Springfield,IL', '2518 Pine St,Springfield,IL'),
(37, 'Kara', 'Payne', 'kara.payne@example.com', '555-8897', '2519 Oak St,Springfield,IL', '2610 Elm St,Springfield,IL'),
(38, 'Liam', 'Hansen', 'liam.hansen@example.com', '555-8898', '2611 Birch St,Springfield,IL', '2712 Cedar St,Springfield,IL'),
(39, 'Mila', 'Bishop', 'mila.bishop@example.com', '555-8899', '2713 Spruce St,Springfield,IL', '2814 Walnut St,Springfield,IL'),
(40, 'Noah', 'Steele', 'noah.steele@example.com', '555-8900', '2815 Fir St,Springfield,IL', '2916 Chestnut St,Springfield,IL'),
(41, 'Olga', 'Holt', 'olga.holt@example.com', '555-8901', '2917 Willow St,Springfield,IL', '3018 Aspen St,Springfield,IL'),
(42, 'Peter', 'Cross', 'peter.cross@example.com', '555-8902', '3019 Poplar St,Springfield,IL', '3110 Redwood St,Springfield,IL'),
(43, 'Quincy', 'Bates', 'quincy.bates@example.com', '555-8903', '3111 Cypress St,Springfield,IL', '3212 Magnolia St,Springfield,IL'),
(44, 'Rita', 'Hammond', 'rita.hammond@example.com', '555-8904', '3213 Sycamore St,Springfield,IL', '3314 Hickory St,Springfield,IL'),
(45, 'Sean', 'Mendez', 'sean.mendez@example.com', '555-8905', '3315 Dogwood St,Springfield,IL', '3416 Alder St,Springfield,IL'),
(46, 'Tara', 'Dunn', 'tara.dunn@example.com', '555-8906', '3417 Maple St,Springfield,IL', '3518 Pine St,Springfield,IL'),
(47, 'Umar', 'Hogan', 'umar.hogan@example.com', '555-8907', '3519 Oak St,Springfield,IL', '3610 Elm St,Springfield,IL'),
(48, 'Vera', 'Sutton', 'vera.sutton@example.com', '555-8908', '3611 Birch St,Springfield,IL', '3712 Cedar St,Springfield,IL'),
(49, 'Will', 'Parks', 'will.parks@example.com', '555-8909', '3713 Spruce St,Springfield,IL', '3814 Walnut St,Springfield,IL'),
(50, 'Xena', 'Hicks', 'xena.hicks@example.com', '555-8910', '3815 Fir St,Springfield,IL', '3916 Chestnut St,Springfield,IL'),
(51, 'Yusuf', 'Barrett', 'yusuf.barrett@example.com', '555-8911', '3917 Willow St,Springfield,IL', '4018 Aspen St,Springfield,IL'),
(52, 'Zara', 'Hoffman', 'zara.hoffman@example.com', '555-8912', '4019 Poplar St,Springfield,IL', '4110 Redwood St,Springfield,IL'),
(53, 'Aiden', 'Morris', 'aiden.morris@example.com', '555-8913', '4111 Cypress St,Springfield,IL', '4212 Magnolia St,Springfield,IL'),
(54, 'Bella', 'Greer', 'bella.greer@example.com', '555-8914', '4213 Sycamore St,Springfield,IL', '4314 Hickory St,Springfield,IL'),
(55, 'Caleb', 'Harrington', 'caleb.harrington@example.com', '555-8915', '4315 Dogwood St,Springfield,IL', '4416 Alder St,Springfield,IL'),
(56, 'Daisy', 'Hubbard', 'daisy.hubbard@example.com', '555-8916', '4417 Maple St,Springfield,IL', '4518 Pine St,Springfield,IL'),
(57, 'Eli', 'Manning', 'eli.manning@example.com', '555-8917', '4519 Oak St,Springfield,IL', '4610 Elm St,Springfield,IL'),
(58, 'Faith', 'Harmon', 'faith.harmon@example.com', '555-8918', '4611 Birch St,Springfield,IL', '4712 Cedar St,Springfield,IL'),
(59, 'Gavin', 'Hurst', 'gavin.hurst@example.com', '555-8919', '4713 Spruce St,Springfield,IL', '4814 Walnut St,Springfield,IL'),
(60, 'Hazel', 'Maddox', 'hazel.maddox@example.com', '555-8920', '4815 Fir St,Springfield,IL', '4916 Chestnut St,Springfield,IL');
 
-- Orders section begins here

-- insert 100 orders
INSERT INTO orders (customer_ID, order_date, total_amount, shipping_address) VALUES
(7, '2023-10-01', 1200.00, '789 Pine St,Springfield,IL'),
(23, '2023-10-02', 800.00, '333 Cypress St,Springfield,IL'),
(41, '2023-10-03', 200.00, '654 Cedar St,Springfield,IL'),
(12, '2023-10-04', 250.00, '789 Pine St,Springfield,IL'),
(36, '2023-10-05', 300.00, '987 Fir St,Springfield,IL'),
(18, '2023-10-06', 50.00, '789 Pine St,Springfield,IL'),
(55, '2023-10-07', 100.00, '654 Cedar St,Springfield,IL'),
(9, '2023-10-08', 150.00, '987 Fir St,Springfield,IL'),
(27, '2023-10-09', 600.00, '555 Dogwood St,Springfield,IL'),
(1, '2023-10-10', 400.00, '123 Elm St,Springfield,IL'),
(44, '2023-10-11', 80.00, '111 Willow St,Springfield,IL'),
(8, '2023-10-12', 120.00, '321 Walnut St,Springfield,IL'),
(20, '2023-10-13', 300.00, '654 Cedar St,Springfield,IL'),
(34, '2023-10-14', 70.00, '321 Walnut St,Springfield,IL'),
(16, '2023-10-15', 500.00, '666 Maple St,Springfield,IL'),
(11, '2023-10-16', 180.00, '123 Elm St,Springfield,IL'),
(59, '2023-10-17', 350.00, '987 Fir St,Springfield,IL'),
(13, '2023-10-18', 130.00, '654 Cedar St,Springfield,IL'),
(6, '2023-10-19', 900.00, '654 Maple St,Springfield,IL'),
(29, '2023-10-20', 600.00, '444 Sycamore St,Springfield,IL'),
(21, '2023-10-21', 220.00, '888 Willow St,Springfield,IL'),
(38, '2023-10-22', 150.00, '999 Poplar St,Springfield,IL'),
(53, '2023-10-23', 340.00, '1111 Cypress St,Springfield,IL'),
(24, '2023-10-24', 410.00, '1213 Sycamore St,Springfield,IL'),
(50, '2023-10-25', 275.00, '1315 Dogwood St,Springfield,IL'),
(26, '2023-10-26', 500.00, '1417 Maple St,Springfield,IL'),
(47, '2023-10-27', 320.00, '1519 Oak St,Springfield,IL'),
(28, '2023-10-28', 180.00, '1611 Birch St,Springfield,IL'),
(39, '2023-10-29', 210.00, '1713 Spruce St,Springfield,IL'),
(30, '2023-10-30', 600.00, '1815 Fir St,Springfield,IL'),
(31, '2023-10-31', 130.00, '1917 Willow St,Springfield,IL'),
(2, '2023-11-01', 90.00, '2019 Poplar St,Springfield,IL'),
(33, '2023-11-02', 75.00, '2111 Cypress St,Springfield,IL'),
(54, '2023-11-03', 400.00, '2213 Sycamore St,Springfield,IL'),
(35, '2023-11-04', 250.00, '2315 Dogwood St,Springfield,IL'),
(56, '2023-11-05', 300.00, '2417 Maple St,Springfield,IL'),
(37, '2023-11-06', 120.00, '2519 Oak St,Springfield,IL'),
(58, '2023-11-07', 350.00, '2611 Birch St,Springfield,IL'),
(19, '2023-11-08', 180.00, '2713 Spruce St,Springfield,IL'),
(40, '2023-11-09', 220.00, '2815 Fir St,Springfield,IL'),
(51, '2023-11-10', 500.00, '2917 Willow St,Springfield,IL'),
(42, '2023-11-11', 600.00, '3019 Poplar St,Springfield,IL'),
(3, '2023-11-12', 130.00, '3111 Cypress St,Springfield,IL'),
(43, '2023-11-13', 90.00, '3213 Sycamore St,Springfield,IL'),
(25, '2023-11-14', 75.00, '3315 Dogwood St,Springfield,IL'),
(46, '2023-11-15', 400.00, '3417 Maple St,Springfield,IL'),
(57, '2023-11-16', 250.00, '3519 Oak St,Springfield,IL'),
(48, '2023-11-17', 300.00, '3611 Birch St,Springfield,IL'),
(49, '2023-11-18', 120.00, '3713 Spruce St,Springfield,IL'),
(10, '2023-11-19', 350.00, '3815 Fir St,Springfield,IL'),
(52, '2023-11-20', 180.00, '3917 Willow St,Springfield,IL'),
(22, '2023-11-21', 220.00, '4019 Poplar St,Springfield,IL'),
(14, '2023-11-22', 500.00, '4111 Cypress St,Springfield,IL'),
(4, '2023-11-23', 600.00, '4213 Sycamore St,Springfield,IL'),
(5, '2023-11-24', 130.00, '4315 Dogwood St,Springfield,IL'),
(17, '2023-11-25', 90.00, '4417 Maple St,Springfield,IL'),
(32, '2023-11-26', 75.00, '4519 Oak St,Springfield,IL'),
(15, '2023-11-27', 400.00, '4611 Birch St,Springfield,IL'),
(60, '2023-11-28', 250.00, '4713 Spruce St,Springfield,IL'),
(45, '2023-11-29', 300.00, '4815 Fir St,Springfield,IL'),
(1, '2023-11-30', 120.00, '123 Elm St,Springfield,IL'),
(24, '2023-12-01', 350.00, '789 Pine St,Springfield,IL'),
(8, '2023-12-02', 180.00, '654 Cedar St,Springfield,IL'),
(38, '2023-12-03', 220.00, '321 Walnut St,Springfield,IL'),
(53, '2023-12-04', 500.00, '987 Fir St,Springfield,IL'),
(6, '2023-12-05', 600.00, '654 Maple St,Springfield,IL'),
(7, '2023-12-06', 130.00, '789 Pine St,Springfield,IL'),
(35, '2023-12-07', 90.00, '321 Walnut St,Springfield,IL'),
(9, '2023-12-08', 75.00, '987 Fir St,Springfield,IL'),
(10, '2023-12-09', 400.00, '654 Cedar St,Springfield,IL'),
(11, '2023-12-10', 250.00, '123 Elm St,Springfield,IL'),
(12, '2023-12-11', 300.00, '789 Pine St,Springfield,IL'),
(13, '2023-12-12', 120.00, '654 Cedar St,Springfield,IL'),
(14, '2023-12-13', 350.00, '111 Willow St,Springfield,IL'),
(15, '2023-12-14', 180.00, '222 Poplar St,Springfield,IL'),
(16, '2023-12-15', 220.00, '333 Cypress St,Springfield,IL'),
(17, '2023-12-16', 500.00, '444 Sycamore St,Springfield,IL'),
(18, '2023-12-17', 600.00, '555 Dogwood St,Springfield,IL'),
(19, '2023-12-18', 130.00, '666 Maple St,Springfield,IL'),
(20, '2023-12-19', 90.00, '777 Oak St,Springfield,IL'),
(21, '2023-12-20', 75.00, '888 Willow St,Springfield,IL'),
(22, '2023-12-21', 400.00, '999 Poplar St,Springfield,IL'),
(23, '2023-12-22', 250.00, '1111 Cypress St,Springfield,IL'),
(25, '2023-12-23', 300.00, '1213 Sycamore St,Springfield,IL'),
(26, '2023-12-24', 120.00, '1315 Dogwood St,Springfield,IL'),
(27, '2023-12-25', 350.00, '1417 Maple St,Springfield,IL'),
(28, '2023-12-26', 180.00, '1519 Oak St,Springfield,IL'),
(29, '2023-12-27', 220.00, '1611 Birch St,Springfield,IL'),
(30, '2023-12-28', 500.00, '1713 Spruce St,Springfield,IL'),
(31, '2023-12-29', 600.00, '1815 Fir St,Springfield,IL'),
(32, '2023-12-30', 130.00, '1917 Willow St,Springfield,IL'),
(33, '2023-12-31', 90.00, '2019 Poplar St,Springfield,IL'),
(34, '2024-01-01', 75.00, '2111 Cypress St,Springfield,IL'),
(36, '2024-01-02', 400.00, '2213 Sycamore St,Springfield,IL'),
(37, '2024-01-03', 250.00, '2315 Dogwood St,Springfield,IL'),
(39, '2024-01-04', 300.00, '2417 Maple St,Springfield,IL'),
(40, '2024-01-05', 120.00, '2519 Oak St,Springfield,IL'),
(41, '2024-01-06', 350.00, '2611 Birch St,Springfield,IL'),
(42, '2024-01-07', 180.00, '2713 Spruce St,Springfield,IL'),
(43, '2024-01-08', 220.00, '2815 Fir St,Springfield,IL'),
(44, '2024-01-09', 500.00, '2917 Willow St,Springfield,IL'),
(45, '2024-01-10', 600.00, '3019 Poplar St,Springfield,IL'),
(46, '2024-01-11', 130.00, '3111 Cypress St,Springfield,IL'),
(47, '2024-01-12', 90.00, '3213 Sycamore St,Springfield,IL'),
(48, '2024-01-13', 75.00, '3315 Dogwood St,Springfield,IL'),
(49, '2024-01-14', 400.00, '3417 Maple St,Springfield,IL'),
(50, '2024-01-15', 250.00, '3519 Oak St,Springfield,IL');
